{"flutter":{"platforms":{"android":{"default":{"projectId":"athleteconnect-c75ee","appId":"1:100640234609:android:acaa19f6c6b5b9c1300fd0","fileOutput":"android/app/google-services.json"}},"ios":{"default":{"projectId":"athleteconnect-c75ee","appId":"1:100640234609:ios:98e00da65c32fd12300fd0","uploadDebugSymbols":false,"fileOutput":"ios/Runner/GoogleService-Info.plist"}},"macos":{"default":{"projectId":"athleteconnect-c75ee","appId":"1:100640234609:ios:98e00da65c32fd12300fd0","uploadDebugSymbols":false,"fileOutput":"macos/Runner/GoogleService-Info.plist"}},"dart":{"lib/firebase_options.dart":{"projectId":"athleteconnect-c75ee","configurations":{"android":"1:100640234609:android:acaa19f6c6b5b9c1300fd0","ios":"1:100640234609:ios:98e00da65c32fd12300fd0","macos":"1:100640234609:ios:98e00da65c32fd12300fd0","web":"1:100640234609:web:440435ba5951b7d5300fd0","windows":"1:100640234609:web:69b2488eff7fe9cd300fd0"}}}}}}