{
  "project_info": {
    "project_number": "100640234609",
    "project_id": "athleteconnect-c75ee",
    "storage_bucket": "athleteconnect-c75ee.appspot.com"
  },
  "client": [
    {
      "client_info": {
        "mobilesdk_app_id": "1:100640234609:android:acaa19f6c6b5b9c1300fd0",
        "android_client_info": {
          "package_name": "com.team.athleteconnect"
        }
      },
      "oauth_client": [],
      "api_key": [
        {
          "current_key": "AIzaSyBnMQEXM96y0FT_w0vfluZtgbbfYgMQ2GE"
        }
      ],
      "services": {
        "appinvite_service": {
          "other_platform_oauth_client": []
        }
      }
    }
  ],
  "configuration_version": "1"
}